identifier;name;bio;admission;resignation;birth_date;zip_code;andress;andress_number;district;email;phone;cpf;role;cost_center;gender;photo;unity;user
1;Anderson Pereira Machado;Um funcionário muito competente ...;07/10/2020 21:00;;17/12/1985;19402-118;Rua Alexandre Barrilari Junior;621;Residencial Água Branca;anderson_funcionario@gmail.com;15998054279;44160655823;Web Master;1;Masculino;;1;100
2;Liniker Jardel  de Oliveira;Um funcionário muito competente ...;03/10/2020 00:34;;19/01/1974;28076-285;Rua Professora Sinézia Martini;380;Jardim Califórnia;linikerenem@gmail.com;19993740142;42757081802;Web Master;1;Masculino;;1;101
3;Miguel da Silva;Um funcionário muito competente ...;07/10/2020 00:00;;24/09/1995;63596-749;RUA UM ;245;Jardim Rosa 1;a_vanessinha_1990@hotmail.com;25187373357;94180959314;Web Master;1;Masculino;;1;102
4;Arthur dos Santos;Um funcionário muito competente ...;12/09/2020 00:00;;18/08/1979;56582-037;RUA B ;924;Jardim Rosa 2;a3sign@pandora.be;89753770178;65863610565;Web Master;1;Masculino;;1;103
5;Davi Pereira;Um funcionário muito competente ...;10/04/2016 00:00;;27/02/1971;67373-227;RUA QUATRO ;501;Jardim Rosa 3;aaanika2@hotmail.com;78750969588;25051853033;Web Master;1;Masculino;;1;104
6;Bernardo Alves;Um funcionário muito competente ...;10/03/2004 00:00;;03/03/1972;22342-273;RUA PRINCIPAL ;474;Jardim Rosa 4;aaron2003s@bol.com.br;78750969588;71428004395;Web Master;1;Masculino;;1;105
7;Heitor Ferreira;Um funcionário muito competente ...;20/04/2003 00:00;;03/01/1977;82660-989;RUA A ;671;Jardim Rosa 5;aaron--21@hotmail.com;79463329147;93304957005;Web Master;1;Masculino;;1;106
8;Gabriel de Oliveira;Um funcionário muito competente ...;23/08/2010 00:00;;10/01/1968;48927-837;RUA C ;427;Jardim Rosa 6;abidoral@hotmail.com;90705855413;83019799587;Web Master;1;Masculino;;1;107
9;Pedro Silva;Um funcionário muito competente ...;05/07/2014 00:00;;13/10/1990;80900-639;RUA CINCO ;505;Jardim Rosa 7;abk_333@hotmail.com;32764262797;82972986345;Web Master;1;Masculino;;1;108
10;Lorenzo Rodrigues;Um funcionário muito competente ...;16/10/2009 00:00;;30/01/1960;48720-383;RUA SEIS ;431;Jardim Rosa 8;abner_bim@hotmail.com;87989735845;64317153300;Web Master;1;Masculino;;1;109
11;Lucas de Souza;Um funcionário muito competente ...;06/07/2011 00:00;;24/01/1979;81432-442;RUA D ;177;Jardim Rosa 9;abner_bim@hotmail.com;91395774250;92614161899;Web Master;1;Masculino;;1;110
12;Matheus Gomes;Um funcionário muito competente ...;31/05/2002 00:00;;26/12/1997;62097-654;RUA SETE ;878;Jardim Rosa 10;acacio_divix@hotmail.com;45546635409;21484235698;Web Master;1;Masculino;;1;111
13;Enzo Santos;Um funcionário muito competente ...;15/12/2004 00:00;;04/06/1979;39305-838;RUA OITO ;582;Jardim Rosa 11;academia.boaforma@yahoo.com.br;73881457583;18418566389;Web Master;1;Masculino;;1;112
14;Theo Oliveira;Um funcionário muito competente ...;30/10/2006 00:00;;09/01/1984;31533-770;RUA E ;195;Jardim Rosa 12;ac-ferian@bol.com.br;73881457583;78921493426;Web Master;1;Masculino;;1;113
15;Benjamin Ribeiro;Um funcionário muito competente ...;25/01/2013 00:00;;30/01/1975;35294-204;RUA F ;742;Jardim Rosa 13;acordarsono@hotmail.com;95286123190;95552361505;Web Master;1;Masculino;;1;114
16;Rafael Martins;Um funcionário muito competente ...;18/06/2010 00:00;;24/01/2000;25663-762;RUA NOVE ;436;Jardim Rosa 14;acsa_lim@yahoo.com.br;46467594136;53014168044;Web Master;1;Masculino;;1;115
17;Nicolas Gonçalves;Um funcionário muito competente ...;26/01/2011 00:00;;16/03/1974;65711-923;RUA DEZ ;306;Jardim Rosa 15;adamyth@gmail.com;46467594136;27977013856;Web Master;1;Masculino;;1;116
18;Guilherme Soares;Um funcionário muito competente ...;17/06/2011 00:00;;24/11/1996;43697-181;RUA G ;594;Jardim Rosa 16;add_ae_jente@yahoo.com.br;56004192954;38854589753;Web Master;1;Masculino;;1;117
19;Gustavo Barbosa;Um funcionário muito competente ...;17/08/2017 00:00;;01/07/1985;47878-909;RUA SAO JOSE ;233;Jardim Rosa 17;addgeral@gmail.com;89450212262;65907751698;Web Master;1;Masculino;;1;118
20;Samuel Lopes;Um funcionário muito competente ...;03/09/2011 00:00;;05/04/1996;75412-779;RUA ONZE ;768;Jardim Rosa 18;addyevusk@yahoo.com.br;83697352541;76815122832;Web Master;1;Masculino;;1;119
21;Henrique Vieira;Um funcionário muito competente ...;14/06/2001 00:00;;26/09/1997;22353-400;RUA H ;575;Jardim Rosa 19;adeozemir@yahoo.com.br;77944492820;71425382677;Web Master;1;Masculino;;1;120
22;Felipe Souza;Um funcionário muito competente ...;03/03/2011 00:00;;04/12/2000;61182-110;RUA SAO PAULO ;588;Jardim Rosa 20;adhaha@gmail.com;60502254525;79600195074;Web Master;1;Masculino;;1;121
23;Murilo Fernandes;Um funcionário muito competente ...;09/01/2015 00:00;;19/03/1956;59265-046;RUA DOZE ;265;Jardim Rosa 21;adhaha@gmail.com;90176441114;90803809840;Web Master;1;Masculino;;1;122
24;Joaquim Lima;Um funcionário muito competente ...;09/10/2009 00:00;;04/07/1995;65384-343;RUA TREZE ;751;Jardim Rosa 22;adidas__star@hotmail.com;44602492242;14885259473;Web Master;1;Masculino;;1;123
25;João Pedro Costa;Um funcionário muito competente ...;30/07/2016 00:00;;26/09/1959;82914-902;RUA SANTO ANTONIO ;218;Jardim Rosa 23;adidas__star@hotmail.com;56394839649;44883717974;Web Master;1;Masculino;;1;124
26;João Miguel Batista;Um funcionário muito competente ...;03/06/2008 00:00;;24/12/1982;12077-639;AVENIDA BRASIL ;417;Jardim Rosa 24;adilio-vidaloka@yahoo.com.br;68187187056;61869893109;Web Master;1;Masculino;;1;125
27;Enzo Gabriel Dias;Um funcionário muito competente ...;13/09/2001 00:00;;05/11/1974;84929-082;RUA 0I ;293;Jardim Rosa 25;adilson.mariano5@terra.com.br;79979534463;71357306315;Web Master;1;Masculino;;1;126
28;Daniel Moreira;Um funcionário muito competente ...;22/08/2005 00:00;;25/02/1978;51454-328;RUA 2 ;82;Jardim Rosa 26;admgerald1@yahoo.com.br;57010412992;31338537223;Web Master;1;Masculino;;1;127
29;Isaac de Lima;Um funcionário muito competente ...;22/03/2007 00:00;;15/08/1996;49127-907;RUA 01 ;467;Jardim Rosa 27;adri_barboza@hotmail.com;34041291521;60552572416;Web Master;1;Masculino;;1;128
30;Pietro de Sousa;Um funcionário muito competente ...;26/05/2005 00:00;;09/02/1961;68574-946;RUA 3 ;678;Jardim Rosa 28;adri_barboza@hotmail.com;11072170050;83904184766;Web Master;1;Masculino;;1;129
31;Pedro Henrique Nunes;Um funcionário muito competente ...;14/07/2003 00:00;;30/06/1956;15348-406;RUA SAO PEDRO ;423;Jardim Rosa 29;adriaens@pandora.be;57020412992;24949140222;Web Master;1;Masculino;;1;130
32;Lucca da Costa;Um funcionário muito competente ...;19/12/2018 00:00;;18/07/1996;82338-507;RUA QUINZE ;880;Jardim Rosa 30;adrian_boyzinhu@yahoo.com.br;57040412992;20712180710;Web Master;1;Masculino;;1;131
33;Eduardo de Almeida;Um funcionário muito competente ...;21/11/2016 00:00;;01/01/1999;55227-439;RUA SAO JOAO ;373;Jardim Rosa 31;adriana_lemes_farias@hotmail.com;7503425771;51721141951;Web Master;1;Masculino;;1;132
34;Benício Mendes;Um funcionário muito competente ...;05/03/2003 00:00;;21/12/1990;39529-655;RUA J ;709;Jardim Rosa 32;adriana_lemes_farias@hotmail.com;29744229130;51701144093;Web Master;1;Masculino;;1;133
35;Leonardo Carvalho;Um funcionário muito competente ...;16/08/2011 00:00;;01/03/1982;36752-721;RUA QUATORZE ;583;Jardim Rosa 33;adrianacpx@yahoo.com.br;92937715179;77960422081;Web Master;1;Masculino;;1;134
36;Vitor Araujo;Um funcionário muito competente ...;14/07/2010 00:00;;22/01/1991;52256-675;RUA SAO FRANCISCO ;488;Jardim Rosa 34;adriane_do_prado@yahoo.com.br;58184976670;15050653814;Web Master;1;Masculino;;1;135
37;João Lucas Cardoso;Um funcionário muito competente ...;13/08/2015 00:00;;20/09/1958;20081-804;RUA SETE DE SETEMBRO ;671;Jardim Rosa 35;adrianinhaim@bol.com.br;72685533915;96509159493;Web Master;1;Masculino;;1;136
38;Bryan Teixeira;Um funcionário muito competente ...;05/02/2011 00:00;;27/07/1992;45652-830;RUA 4 ;280;Jardim Rosa 36;adrianinhaim@bol.com.br;96805522650;21065659512;Web Master;1;Masculino;;1;137
39;João Marques;Um funcionário muito competente ...;22/04/2007 00:00;;24/06/1966;67390-365;RUA DEZESSEIS ;961;Jardim Rosa 37;adrianinhaxp@yahoo.com.br;60122212424;47158831460;Web Master;1;Masculino;;1;138
40;Cauã do Nascimento;Um funcionário muito competente ...;03/07/2001 00:00;;02/06/1960;52479-794;RUA QUINZE DE NOVEMBRO ;640;Jardim Rosa 38;adriano.fariasnascimento@yahoo.com.br;2240354597;86056546850;Web Master;1;Masculino;;1;139
41;Davi Lucca Almeida;Um funcionário muito competente ...;06/05/2006 00:00;;10/07/1962;83117-634;RUA 5 ;331;Jardim Rosa 39;adriano_wolf1@hotmail.com;40207369421;79696534048;Web Master;1;Masculino;;1;140
42;Anthony Ramos;Um funcionário muito competente ...;29/09/2014 00:00;;23/10/1958;71847-047;RUA TIRADENTES ;73;Jardim Rosa 40;adrianogato.2007@hotmail.com;55434420484;80900092611;Web Master;1;Masculino;;1;141
43;Vicente Machado;Um funcionário muito competente ...;08/02/2001 00:00;;30/10/1989;22895-022;RUA DEZESSETE ;622;Jardim Rosa 41;adrianojareck@hotmail.com;9673579657;18552412124;Web Master;1;Masculino;;1;142
44;Vinícius Rocha;Um funcionário muito competente ...;08/09/2008 00:00;;18/05/1973;74602-115;RUA 6 ;851;Jardim Rosa 42;adrianonev3s@gmail.com;73438486024;11473723429;Web Master;1;Masculino;;1;143
45;Caio Nascimento;Um funcionário muito competente ...;29/06/2002 00:00;;21/06/1959;36695-690;RUA L ;609;Jardim Rosa 43;adrianosenna@yahoo.com.br;4090224916;71416723510;Web Master;1;Masculino;;1;144
46;Antônio de Araujo;Um funcionário muito competente ...;04/07/2006 00:00;;07/10/1979;26582-905;RUA VINTE ;528;Jardim Rosa 44;adrianraniery@bol.com.br;84835353456;52363367516;Web Master;1;Masculino;;1;145
47;Davi Lucas da Conceiçao;Um funcionário muito competente ...;31/12/2016 00:00;;27/02/1971;64218-607;RUA BAHIA ;686;Jardim Rosa 45;Adriedson88@hotmail.com;64060145836;80265000026;Web Master;1;Masculino;;1;146
48;Bento Bezerra;Um funcionário muito competente ...;20/09/2010 00:00;;17/11/1976;59254-368;RUA AMAZONAS ;886;Jardim Rosa 46;adrieli_baldoria@hotmail.com;16237185587;35125863328;Web Master;1;Masculino;;1;147
49;João Gabriel Sousa;Um funcionário muito competente ...;30/01/2019 00:00;;15/10/1972;82783-508;RUA DEZOITO ;45;Jardim Rosa 47;adrielle_amaral@yahoo.com.br;75017588595;58409434156;Web Master;1;Masculino;;1;148
50;João Vitor Borges;Um funcionário muito competente ...;09/12/2014 00:00;;26/11/1991;40128-581;RUA SAO SEBASTIAO ;539;Jardim Rosa 48;adrielli_cr@hotmail.com;58614708642;86421969341;Web Master;1;Masculino;;1;149
51;Noah Santana;Um funcionário muito competente ...;17/07/2016 00:00;;28/12/1977;53204-040;RUA PARANA ;309;Jardim Rosa 49;adrielly@yaroo.com;58614708642;75247048207;Web Master;1;Masculino;;1;150
52;Francisco de Carvalho;Um funcionário muito competente ...;05/10/2016 00:00;;06/08/1983;67598-272;RUA BELA VISTA ;554;Jardim Rosa 50;adrielly_silva@yaroo.com;58614708642;14406288582;Web Master;1;Masculino;;1;151
53;Calebe Aparecido;Um funcionário muito competente ...;09/03/2016 00:00;;15/01/1977;39704-741;RUA M ;826;Jardim Rosa 51;adriely_94@hotmail.com;40232097004;64652645608;Web Master;1;Masculino;;1;152
54;Gael Pinto;Um funcionário muito competente ...;11/06/2012 00:00;;19/06/1986;20651-506;RUA 7 ;460;Jardim Rosa 52;adrienevinhote@hotmail.com;38656800256;33654660369;Web Master;1;Masculino;;1;153
55;Emanuel  Pinheiro;Um funcionário muito competente ...;03/07/2009 00:00;;20/01/1993;87565-330;RUA SANTA LUZIA ;307;Jardim Rosa 53;adryana_maia@hotmail.com;94370720184;66224071458;Web Master;1;Masculino;;1;154
56;Ian Monteiro;Um funcionário muito competente ...;26/07/2007 00:00;;07/04/1954;85387-594;RUA SAO JORGE ;310;Jardim Rosa 54;adryana_maia@hotmail.com;94370720184;86089358375;Web Master;1;Masculino;;1;155
57;Luiz Miguel Andrade;Um funcionário muito competente ...;03/06/2017 00:00;;27/12/1969;89672-633;RUA DEZENOVE ;968;Jardim Rosa 55;adryana_maia@hotmail.com;94370720184;63259215245;Web Master;1;Masculino;;1;156
58;Enrico Leite;Um funcionário muito competente ...;04/06/2020 00:00;;02/07/1973;80538-979;RUA CASTRO ALVES ;181;Jardim Rosa 56;adryshevchenko7@hotmail.com;94370720184;71950746670;Web Master;1;Masculino;;1;157
59;Thiago Correa;Um funcionário muito competente ...;19/10/2016 00:00;;17/04/1983;45571-661;RUA DUQUE DE CAXIAS ;813;Jardim Rosa 57;adryshevchenko7@yahoo.com.br;94370720184;47369982600;Web Master;1;Masculino;;1;158
60;Augusto Nogueira;Um funcionário muito competente ...;03/08/2011 00:00;;27/02/1971;40190-356;RUA PROJETADA ;478;Jardim Rosa 58;adryshevchenko7@hotmail.com;94370720184;39659623480;Web Master;1;Masculino;;1;159
61;Otávio Garcia;Um funcionário muito competente ...;23/08/2011 00:00;;06/01/1997;38251-365;RUA RUI BARBOSA ;301;Jardim Rosa 59;a-ferraz@bol.com.br;50932886594;62183178627;Web Master;1;Masculino;;1;160
62;João Guilherme de Freitas;Um funcionário muito competente ...;19/09/2015 00:00;;27/09/1996;55388-675;RUA SANTA CATARINA ;76;Jardim Rosa 60;afonso-catador@hotmail.com;91849731107;24794443618;Web Master;1;Masculino;;1;161
63; Ryan Henrique;Um funcionário muito competente ...;19/05/2020 00:00;;27/11/1984;28975-295;RUA MINAS GERAIS ;540;Jardim Rosa 61;afonso-catador@hotmail.com;81328702172;64957197670;Web Master;1;Masculino;;1;162
64; Yuri Tavares;Um funcionário muito competente ...;22/12/2019 00:00;;11/01/1976;76629-498;RUA N ;804;Jardim Rosa 62;afonsoducarmo@yahoo.com.com.br;26464122766;32630796528;Web Master;1;Masculino;;1;163
65; Levi Coelho;Um funcionário muito competente ...;15/02/2015 00:00;;14/05/2001;40572-911;RUA SANTOS DUMONT ;168;Jardim Rosa 63;afrancar15@yahoo.com.br;26464122766;43643900900;Web Master;1;Masculino;;1;164
66; Vitor Hugo Pires;Um funcionário muito competente ...;27/07/2018 00:00;;24/12/1958;59934-314;RUA 8 ;626;Jardim Rosa 64;agatha_rosa8@yahoo.com.br;26464122766;67645104989;Web Master;1;Masculino;;1;165
67; Erick de Paula;Um funcionário muito competente ...;01/03/2019 00:00;;21/09/1953;28649-621;RUA ESPIRITO SANTO ;486;Jardim Rosa 65;agatha_rosa8@yahoo.com.br;26464122766;65987628778;Web Master;1;Masculino;;1;166
68; Bruno Correia;Um funcionário muito competente ...;01/06/2013 00:00;;19/10/1971;39818-120;RUA VINTE E UM ;114;Jardim Rosa 66;agente_fbi13@yahoo.com.br;26464122766;14283748225;Web Master;1;Masculino;;1;167
69; Nathan Miranda;Um funcionário muito competente ...;11/05/2016 00:00;;13/10/1997;85599-466;RUA VINTE E DOIS ;562;Jardim Rosa 67;agente_fbi13@yahoo.com.br;26464122766;17907296312;Web Master;1;Masculino;;1;168
70; Raul de Jesus;Um funcionário muito competente ...;07/01/2019 00:00;;21/06/1985;47636-776;RUA DA PAZ ;372;Jardim Rosa 68;agente_fbi13@yahoo.com.br;26464122766;60781129033;Web Master;1;Masculino;;1;169
71; Henry Duarte;Um funcionário muito competente ...;26/05/2003 00:00;;10/01/2000;60431-805;RUA TREZE DE MAIO ;777;Jardim Rosa 69;agloco.com.fake@gmail.com;26464122766;67704106268;Web Master;1;Masculino;;1;170
72; Davi Luiz Freitas;Um funcionário muito competente ...;08/07/2001 00:00;;09/05/1984;77804-007;RUA K ;890;Jardim Rosa 70;agloco-sv@bol.com.br;26464122766;32603175744;Web Master;1;Masculino;;1;171
73; Luiz Felipe Barros;Um funcionário muito competente ...;28/05/2006 00:00;;20/06/1990;31018-446;RUA RIO DE JANEIRO ;818;Jardim Rosa 71;agnaldojt@hotmail.com;26464122766;29473977762;Web Master;1;Masculino;;1;172
74; Thomas de Andrade;Um funcionário muito competente ...;28/04/2008 00:00;;12/03/1965;51276-315;RUA GOIAS ;391;Jardim Rosa 72;agoraeuvodetona2@yahoo.com;26464122766;63648507863;Web Master;1;Masculino;;1;173
75; Rodrigo Campos;Um funcionário muito competente ...;06/04/2013 00:00;;02/05/1958;19318-490;RUA CEARA ;967;Jardim Rosa 73;agoraeuvodetona2@yahoo.com;26464122766;44012561083;Web Master;1;Masculino;;1;174
76; Davi Miguel Sántos;Um funcionário muito competente ...;14/09/2016 00:00;;03/03/1973;15184-666;RUA 10 ;107;Jardim Rosa 74;agricesar@yahoo.com.br;26464122766;44625642757;Web Master;1;Masculino;;1;175
77; André de Melo;Um funcionário muito competente ...;08/06/2018 00:00;;02/12/1987;36232-765;RUA BELO HORIZONTE ;233;Jardim Rosa 75;agricesar@yahoo.com.br;26464122766;42531292144;Web Master;1;Masculino;;1;176
78; Fernando da Cruz;Um funcionário muito competente ...;08/04/2001 00:00;;04/07/1969;59907-261;RUA DAS FLORES ;795;Jardim Rosa 76;agricesar@yahoo.com.br;26464122766;86358856095;Web Master;1;Masculino;;1;177
79; Alexandre Reis;Um funcionário muito competente ...;29/05/2020 00:00;;05/10/1966;40642-850;RUA SERGIPE ;738;Jardim Rosa 77;aguia_fenix@hotmail.com;26464122766;65896490644;Web Master;1;Masculino;;1;178
80; Pedro Lucas Guimaraes;Um funcionário muito competente ...;29/08/2005 00:00;;03/09/1985;49825-080;RUA VITORIA ;433;Jardim Rosa 78;aguinaldo4789@hotmail.com;26464122766;35431808088;Web Master;1;Masculino;;1;179
81; Breno Moraes;Um funcionário muito competente ...;29/04/2017 00:00;;29/05/1996;86625-771;RUA JOSE BONIFACIO ;994;Jardim Rosa 79;aguinaldo4789@hotmail.com;26464122766;62031415236;Web Master;1;Masculino;;1;180
82; Arthur Miguel do Carmo;Um funcionário muito competente ...;26/04/2017 00:00;;18/02/1985;30963-890;RUA PERNAMBUCO ;493;Jardim Rosa 80;aguinaldo4789@hotmail.com;26464122766;49359151203;Web Master;1;Masculino;;1;181
83; Carlos Eduardo dos Reis;Um funcionário muito competente ...;08/11/2017 00:00;;02/05/1982;81428-529;RUA PIAUI ;304;Jardim Rosa 81;ai_@hotmail.com;26464122766;16094870149;Web Master;1;Masculino;;1;182
84; Kaique Viana;Um funcionário muito competente ...;06/06/2016 00:00;;17/07/1964;85324-862;RUA VINTE E TRES ;949;Jardim Rosa 82;Aiacos.Kyoto@gmail.com;26464122766;76771320006;Web Master;1;Masculino;;1;183
85; Yago de Castro;Um funcionário muito competente ...;22/09/2017 00:00;;20/12/1975;88478-413;RUA 9 ;171;Jardim Rosa 83;aim.vip2@hotmail.com;26464122766;37726358399;Web Master;1;Masculino;;1;184
86; Kauê Silveira;Um funcionário muito competente ...;18/11/2014 00:00;;25/10/1990;23224-158;RUA MATO GROSSO ;996;Jardim Rosa 84;aim.vip25@hotmail.com;26464122766;31662942306;Web Master;1;Masculino;;1;185
87; Luan Moura;Um funcionário muito competente ...;23/01/2013 00:00;;28/03/1978;61644-772;RUA SANTA MARIA ;718;Jardim Rosa 85;aiopam@hotmail.com;26464122766;54561431042;Web Master;1;Masculino;;1;186
88; Igor Brito;Um funcionário muito competente ...;29/05/2020 00:00;;19/11/1986;32105-513;RUA DOM PEDRO II ;419;Jardim Rosa 86;aislyn14@yahoo.com.br;26464122766;85619637476;Web Master;1;Masculino;;1;187
89; Luiz Henrique Neves;Um funcionário muito competente ...;03/06/2010 00:00;;18/02/1956;18445-495;RUA PRIMEIRO DE MAIO ;130;Jardim Rosa 87;ajudasystemonline@gmail.com;26464122766;38243774681;Web Master;1;Masculino;;1;188
90; Luiz Gustavo Carneiro;Um funcionário muito competente ...;15/10/2018 00:00;;17/04/1971;84938-788;RUA PARA ;796;Jardim Rosa 88;ajuding.01@hotmail.com;26464122766;80040888985;Web Master;1;Masculino;;1;189
91; Arthur Gabriel Melo;Um funcionário muito competente ...;22/04/2007 00:00;;18/08/1967;24049-004;RUA MARANHAO ;479;Jardim Rosa 89;akitanajura@yahoo.com.br;26464122766;50741812006;Web Master;1;Masculino;;1;190
92; Mathias Medeiros;Um funcionário muito competente ...;25/11/2010 00:00;;08/01/1973;47960-732;RUA ALAGOAS ;520;Jardim Rosa 90;akitanajura@yahoo.com.br;26464122766;58489111017;Web Master;1;Masculino;;1;191
93; Lucas Gabriel Cordeiro;Um funcionário muito competente ...;15/07/2014 00:00;;07/08/1985;54822-349;RUA BOA VISTA ;802;Jardim Rosa 91;ala-frei@hotmail.com;26464122766;69452788857;Web Master;1;Masculino;;1;192
94; Pedro Miguel Conceição;Um funcionário muito competente ...;14/08/2016 00:00;;23/05/1994;67614-824;RUA SAO LUIZ ;47;Jardim Rosa 92;alahfilho@gmail.com;26464122766;22419003647;Web Master;1;Masculino;;1;193
95; Arthur Henrique Farias;Um funcionário muito competente ...;26/09/2011 00:00;;26/10/1989;77721-617;RUA VINTE E QUATRO ;681;Jardim Rosa 93;alan_gatinho_sjc@yahoo.com.br;26464122766;78824346330;Web Master;1;Masculino;;1;194
96; Ruan Dantas;Um funcionário muito competente ...;18/03/2019 00:00;;21/04/1999;67149-601;RUA PARAIBA ;889;Jardim Rosa 94;alan_kiedis2@yahoo.com.br;26464122766;83937808870;Web Master;1;Masculino;;1;195
97; Tomás Cavalcante;Um funcionário muito competente ...;29/06/2002 00:00;;07/08/1974;39395-185;RUA 12 ;957;Jardim Rosa 95;alan_morenogato@hotmail.com;26464122766;38664905578;Web Master;1;Masculino;;1;196
98; Danilo da Rocha;Um funcionário muito competente ...;04/08/2014 00:00;;13/09/1959;23148-873;RUA O ;821;Jardim Rosa 96;alan_schmeiske@hotmail.com;26464122766;93704465517;Web Master;1;Masculino;;1;197
99; Enzo Miguel de Assis;Um funcionário muito competente ...;10/02/2017 00:00;;17/04/1997;69937-745;RUA SANTA RITA ;148;Jardim Rosa 97;alandenissouza@hotmail.com;26464122766;45136693175;Web Master;1;Masculino;;1;198
100; Luiz Otávio Braga;Um funcionário muito competente ...;07/11/2017 00:00;;06/07/1983;38050-401; RUA 11 ;875;Jardim Rosa 98;alanfarias_18@yahoo.com.br;26464122766;55266780122;Web Master;1;Masculino;;1;199
101; Ricardo Cruz;Um funcionário muito competente ...;04/10/2009 00:00;;07/10/1973;70368-556; RUA 12;525;Jardim Rosa 99;alaninha_13@hotmail.com;26464122766;87433613412;Web Master;1;Masculino;;1;200
102;Oliver Siqueira;Um funcionário muito competente ...;30/07/2019 00:00;;30/03/1976;89608-293; RUA 13;310;Jardim Rosa 100;alanjonny_rp89@hotmail.com;26464122766;20907784259;Web Master;1;Masculino;;1;201
103;Alice da Silva;Um funcionário muito competente ...;17/01/2010 00:00;;07/05/1993;30831-664; RUA 14;459;Jardim Rosa 101;alanjonny_rp89@hotmail.com;26464122766;27128106751;Web Master;1;Masculino;;1;202
104;Sophia dos Santos;Um funcionário muito competente ...;02/12/2004 00:00;;13/01/1970;68978-435; RUA 11 ;718;Jardim Rosa 102;alanmoreira12@yahoo.com.br;26464122766;52669752420;Web Master;1;Feminino;;1;203
105;Laura Pereira;Um funcionário muito competente ...;16/02/2008 00:00;;02/06/1974;70444-541; RUA 15;221;Jardim Rosa 103;Alanvitim@yahoo.com.br;26464122766;91449231309;Web Master;1;Feminino;;1;204
106;Valentina Alves;Um funcionário muito competente ...;12/01/2008 00:00;;21/02/1998;73360-522; RUA 16;219;Jardim Rosa 104;alanyseyes@msn.com;26464122766;26879182266;Web Master;1;Feminino;;1;205
107;Helena Ferreira;Um funcionário muito competente ...;01/04/2009 00:00;;06/10/1997;39173-223; RUA 17;479;Jardim Rosa 105;alanzin.mel@hotmail.com;26464122766;84024801028;Web Master;1;Feminino;;1;206
108;Isabella de Oliveira;Um funcionário muito competente ...;30/01/2003 00:00;;25/07/1959;66639-927; RUA 11 ;676;Jardim Rosa 106;alareskamartins@hotmail.com;26464122766;95870474794;Web Master;1;Feminino;;1;207
109;Manuela Silva;Um funcionário muito competente ...;14/09/2018 00:00;;31/08/1955;20739-224; RUA 18;460;Jardim Rosa 107;albinorios2@hotmail.com;26464122766;91093236041;Web Master;1;Feminino;;1;208
110;Júlia Rodrigues;Um funcionário muito competente ...;29/12/2007 00:00;;19/08/1988;30365-563; RUA 19;888;Jardim Rosa 108;albinorios2@hotmail.com;26464122766;67373853772;Web Master;1;Feminino;;1;209
111;Luiza de Souza;Um funcionário muito competente ...;24/10/2019 00:00;;19/08/2001;50346-273; RUA 20;205;Jardim Rosa 109;aldy.serg@uol.com.br;26464122766;77976251303;Web Master;1;Feminino;;1;210
112;Lívia Gomes;Um funcionário muito competente ...;15/08/2003 00:00;;26/09/1976;81453-345; RUA 11 ;689;Jardim Rosa 110;ale_amor05@hotmail.com;26464122766;90369988919;Web Master;1;Feminino;;1;211
113;Giovanna Santos;Um funcionário muito competente ...;16/10/2014 00:00;;27/10/1958;39346-858; RUA 21;39;Jardim Rosa 111;ale_amor05@hotmail.com;26464122766;57961343922;Web Master;1;Feminino;;1;212
114;Maria Luiza Oliveira;Um funcionário muito competente ...;07/11/2016 00:00;;28/10/2000;73876-260; RUA 22;850;Jardim Rosa 112;ale_amor05@hotmail.com;26464122766;56616564353;Web Master;1;Feminino;;1;213
115;Heloísa Ribeiro;Um funcionário muito competente ...;27/01/2013 00:00;;13/05/1991;12535-786; RUA 23;758;Jardim Rosa 113;ale_amor05@hotmail.com;26464122766;63960828983;Web Master;1;Feminino;;1;214
116;Maria Eduarda Martins;Um funcionário muito competente ...;16/05/2014 00:00;;08/12/1986;75871-934; RUA 11 ;586;Jardim Rosa 114;ale_zinha_hta@hotmail.com;26464122766;69785595987;Web Master;1;Feminino;;1;215
117;Maria Clara Gonçalves;Um funcionário muito competente ...;25/01/2005 00:00;;17/02/1988;78603-092; RUA 24;132;Jardim Rosa 115;aleckis_97@hotmail.com;26464122766;38001255574;Web Master;1;Feminino;;1;216
118;Lara Soares;Um funcionário muito competente ...;21/09/2019 00:00;;30/01/1967;39497-861; RUA 25;813;Jardim Rosa 116;aleckis_97@hotmail.com;26464122766;60799833576;Web Master;1;Feminino;;1;217
119;Lorena Barbosa;Um funcionário muito competente ...;01/02/2019 00:00;;18/11/1970;40389-924; RUA 26;467;Jardim Rosa 117;aleckis_97@hotmail.com;26464122766;97663666045;Web Master;1;Feminino;;1;218
120;Beatriz Lopes;Um funcionário muito competente ...;11/10/2008 00:00;;24/10/1991;36065-972; RUA 11 ;352;Jardim Rosa 118;aledickinsooon@hotmail.com;26464122766;35781017566;Web Master;1;Feminino;;1;219
121;Mariana Vieira;Um funcionário muito competente ...;08/05/2016 00:00;;17/04/1987;56090-226; RUA 27;51;Jardim Rosa 119;alef_saopaulo@yahoo.com.br;26464122766;17248913875;Web Master;1;Feminino;;1;220
122;Melissa Souza;Um funcionário muito competente ...;10/01/2017 00:00;;10/07/1998;32707-936; RUA 28;962;Jardim Rosa 120;alemao_alison@hotmail.com;26464122766;99735252043;Web Master;1;Feminino;;1;221
123;Cecília Fernandes;Um funcionário muito competente ...;09/07/2009 00:00;;30/07/1954;41238-600; RUA 29;190;Jardim Rosa 121;Aleson_pml@yahoo.com.br;26464122766;31488033193;Web Master;1;Feminino;;1;222
124;Ana Clara Lima;Um funcionário muito competente ...;05/04/2002 00:00;;13/06/1960;13626-072; RUA 11 ;837;Jardim Rosa 122;aless_pina25@hotmail.com;26464122766;80856419035;Web Master;1;Feminino;;1;223
125;Ana Júlia Costa;Um funcionário muito competente ...;04/05/2010 00:00;;18/06/1971;29094-584; RUA 30;601;Jardim Rosa 123;alessandrabrittosouza@gmail.com;26464122766;48268280638;Web Master;1;Feminino;;1;224
126;Yasmin Batista;Um funcionário muito competente ...;07/07/2020 00:00;;07/11/1961;80494-174; RUA 31;680;Jardim Rosa 124;alessandralazarini@yahoo.com.br;26464122766;49890025109;Web Master;1;Feminino;;1;225
127;Maria Júlia Dias;Um funcionário muito competente ...;11/02/2002 00:00;;30/09/1978;77189-364; RUA 32;635;Jardim Rosa 125;alessandranyzewski@yahoo.com.br;26464122766;80438477954;Web Master;1;Feminino;;1;226
128;Isadora Moreira;Um funcionário muito competente ...;31/01/2003 00:00;;07/07/1975;89614-120; RUA 11 ;780;Jardim Rosa 126;alessandrofortuna1@hotmail.com;26464122766;99968163302;Web Master;1;Feminino;;1;227
129;Rafaela de Lima;Um funcionário muito competente ...;27/09/2004 00:00;;05/12/1960;74162-405; RUA 33;418;Jardim Rosa 127;alex.3carlos@yahoo.com.br;26464122766;96637433041;Web Master;1;Feminino;;1;228
130;Emanuelly de Sousa;Um funcionário muito competente ...;11/08/2014 00:00;;04/04/1990;51658-081; RUA 34;304;Jardim Rosa 128;alex_betalia@hotmail.com;26464122766;90941571995;Web Master;1;Feminino;;1;229
131;Ana Luiza Nunes;Um funcionário muito competente ...;22/11/2007 00:00;;24/02/1992;52956-049; RUA 35;93;Jardim Rosa 129;alex_betalia@hotmail.com;22862111176;70631341134;Web Master;1;Feminino;;1;230
132;Esther da Costa;Um funcionário muito competente ...;17/01/2006 00:00;;18/02/1958;65503-428; RUA 11 ;612;Jardim Rosa 130;alex_farkas@hotmail.com;41790386196;80647108356;Web Master;1;Feminino;;1;231
133;Lavínia de Almeida;Um funcionário muito competente ...;01/09/2019 00:00;;03/03/1976;18945-630; RUA 36;976;Jardim Rosa 131;alex_llk@yahoo.com.br;50070761307;76020618200;Web Master;1;Feminino;;1;232
134;Sarah Mendes;Um funcionário muito competente ...;23/08/2014 00:00;;17/01/1977;28926-394; RUA 37;210;Jardim Rosa 132;ALEX91BADBOY@YAHOO.COM.BR;65400043991;11281260767;Web Master;1;Feminino;;1;233
135;Isabelly Carvalho;Um funcionário muito competente ...;11/06/2012 00:00;;05/06/1974;44432-113; RUA 38;421;Jardim Rosa 133;ALEX91BADBOY@YAHOO.COM.BR;70239172134;71119607722;Web Master;1;Feminino;;1;234
136;Elisa Araujo;Um funcionário muito competente ...;19/11/2016 00:00;;20/08/1978;28659-580; RUA 11 ;877;Jardim Rosa 134;ALEX91BADBOY@YAHOO.COM.BR;50148918231;75537016452;Web Master;1;Feminino;;1;235
137;Eloah Cardoso;Um funcionário muito competente ...;12/02/2018 00:00;;05/06/1968;33547-566; RUA 39;117;Jardim Rosa 135;alexandra_assaf@hotmail.com;41531972785;32141774689;Web Master;1;Feminino;;1;236
138;Nicole Teixeira;Um funcionário muito competente ...;19/04/2008 00:00;;29/06/1974;46549-947; RUA 40;258;Jardim Rosa 136;alexandra_praca@hotmail.com;60989903231;51153775857;Web Master;1;Feminino;;1;237
139;Maria Alice Marques;Um funcionário muito competente ...;22/03/2016 00:00;;20/08/1996;75052-888; RUA 41;679;Jardim Rosa 137;alexandre.audi@uol.com.br;6087239470;15437253758;Web Master;1;Feminino;;1;238
140;Gabriela do Nascimento;Um funcionário muito competente ...;27/11/2012 00:00;;23/10/2000;89104-205; RUA 11 ;237;Jardim Rosa 138;alexandre.carreiro@gmail.com;98809168219;89919350936;Web Master;1;Feminino;;1;239
141;Maria Almeida;Um funcionário muito competente ...;24/02/2011 00:00;;24/12/1956;29538-958; RUA 42;816;Jardim Rosa 139;alexandre.goes@hotmail.com;98809168219;44360993622;Web Master;1;Feminino;;1;240
142;Rebeca Ramos;Um funcionário muito competente ...;11/03/2007 00:00;;27/10/1966;51982-326; RUA 43;990;Jardim Rosa 140;alexandre.stoian2@gmail.com;98809168219;11327565378;Web Master;1;Feminino;;1;241
143;Letícia Machado;Um funcionário muito competente ...;15/05/2014 00:00;;26/02/1991;50441-699; RUA 44;993;Jardim Rosa 141;alexandreairtonreisteles@yahoo.com.br;98809168219;22948294595;Web Master;1;Feminino;;1;242
144;Clara Rocha;Um funcionário muito competente ...;06/10/2010 00:00;;25/01/1996;52375-390; RUA 11 ;707;Jardim Rosa 142;alexandrecachapus@yahoo.com.br;12130618139;30679949601;Web Master;1;Feminino;;1;243
145;Marina Nascimento;Um funcionário muito competente ...;25/07/2016 00:00;;12/09/1964;12350-397; RUA 45;882;Jardim Rosa 143;alexandressmelo@hotmail.com;68306507156;38352491783;Web Master;1;Feminino;;1;244
146;Isis de Araujo;Um funcionário muito competente ...;06/06/2009 00:00;;17/11/1952;21478-089; RUA 46;521;Jardim Rosa 144;alexandretormen@hotmail.com;60356785886;83451322250;Web Master;1;Feminino;;1;245
147;Ana da Conceiçao;Um funcionário muito competente ...;25/11/2012 00:00;;07/03/2001;27299-292; RUA 47;553;Jardim Rosa 145;alexandretormen@hotmail.com;72347484398;53034705822;Web Master;1;Feminino;;1;246
148;Alícia Bezerra;Um funcionário muito competente ...;18/09/2007 00:00;;27/04/1989;70871-283; RUA 11 ;327;Jardim Rosa 146;alexandrinho_tdb64@yahoo.com.br;26664015451;98988243688;Web Master;1;Feminino;;1;247
149;Liz Sousa;Um funcionário muito competente ...;14/03/2005 00:00;;20/08/1977;62091-823; RUA 48;124;Jardim Rosa 147;alexandrino.thiago@gmail.com;68387602506;87281996862;Web Master;1;Feminino;;1;248
150;Antonella Borges;Um funcionário muito competente ...;11/04/2013 00:00;;26/09/2000;65454-307; RUA 49;510;Jardim Rosa 148;alexbegins@hotmail.com;70919430255;71666988474;Web Master;1;Feminino;;1;249
151;Maria Cecília Santana;Um funcionário muito competente ...;25/10/2009 00:00;;31/10/1993;74794-792; RUA 50;27;Jardim Rosa 149;alexcabeludo2@hotmail.com;38851635646;36528685508;Web Master;1;Feminino;;1;250
152;Agatha de Carvalho;Um funcionário muito competente ...;12/12/2015 00:00;;10/10/1978;24221-179; RUA 11 ;626;Jardim Rosa 150;alexcabeludo2@hotmail.com;26249730189;51393854457;Web Master;1;Feminino;;1;251
153;Catarina Aparecido;Um funcionário muito competente ...;06/04/2003 00:00;;25/03/1993;79215-303; RUA 51;613;Jardim Rosa 151;alexd3@gmail.com;26249730189;23345310963;Web Master;1;Feminino;;1;252
154;Ana Laura Pinto;Um funcionário muito competente ...;15/05/2011 00:00;;01/05/2000;85770-515; RUA 52;839;Jardim Rosa 152;alexfonsek@yahoo.com.br;26249730189;31737336659;Web Master;1;Feminino;;1;253
155;Larissa Pinheiro;Um funcionário muito competente ...;15/10/2005 00:00;;09/04/1996;82907-885; RUA 53;161;Jardim Rosa 153;alexmendesskt@yahoo.com.br;26249730189;33481055283;Web Master;1;Feminino;;1;254
156;Ana Beatriz Monteiro;Um funcionário muito competente ...;11/10/2010 00:00;;29/05/1993;13821-187; RUA 11 ;15;Jardim Rosa 154;alexrdgs.89@gmail.com;26249730189;98758798303;Web Master;1;Feminino;;1;255
157;Maria Fernanda Andrade;Um funcionário muito competente ...;01/07/2017 00:00;;04/02/1980;18802-333; RUA 54;370;Jardim Rosa 155;alexrosa55@yahoo.com.br;26249730189;87807954595;Web Master;1;Feminino;;1;256
158;Maitê Leite;Um funcionário muito competente ...;20/06/2002 00:00;;05/09/1989;24330-032; RUA 55;968;Jardim Rosa 156;alexsandro004@uol.com.br;26249730189;90959479901;Web Master;1;Feminino;;1;257
159;Luna Correa;Um funcionário muito competente ...;10/06/2009 00:00;;27/11/1961;46962-189; RUA 56;229;Jardim Rosa 157;alexsandrotavares@msn.com;26249730189;33132060463;Web Master;1;Feminino;;1;258
160;Olívia Nogueira;Um funcionário muito competente ...;04/11/2005 00:00;;08/09/1976;27546-844; RUA 11 ;369;Jardim Rosa 158;alextsm10@yahoo.com.br;26249730189;22631785989;Web Master;1;Feminino;;1;259
161;Vitória Garcia;Um funcionário muito competente ...;25/11/2016 00:00;;20/02/1997;46288-053; RUA 57;510;Jardim Rosa 159;alexwaldo@globo.com;26249730189;31362325624;Web Master;1;Feminino;;1;260
162;Bianca de Freitas;Um funcionário muito competente ...;10/12/2018 00:00;;20/08/1997;61777-965; RUA 58;885;Jardim Rosa 160;alfonsogatto10000@hotmail.com;26249730189;30410871763;Web Master;1;Feminino;;1;261
163; Laís Henrique;Um funcionário muito competente ...;13/02/2005 00:00;;21/08/1961;45509-439; RUA 59;216;Jardim Rosa 161;alfredochallco@bol.com.br;26249730189;68337377828;Web Master;1;Feminino;;1;262
164; Allana Tavares;Um funcionário muito competente ...;20/02/2017 00:00;;28/10/1985;54980-105; RUA 11 ;787;Jardim Rosa 162;algmjaescolheuessenomedeusuario@yahoo.com.br;26249730189;92114486406;Web Master;1;Feminino;;1;263
165; Maria Valentina Coelho;Um funcionário muito competente ...;24/10/2007 00:00;;03/02/1966;38616-812; RUA 60;310;Jardim Rosa 163;ALI.SILVA@HOTMAIL.COM;26249730189;62073074119;Web Master;1;Feminino;;1;264
166; Emily Pires;Um funcionário muito competente ...;24/07/2009 00:00;;30/03/1966;46716-088; RUA 61;503;Jardim Rosa 164;alice_xmedeiros@yahoo.com.br;26249730189;24883615278;Web Master;1;Feminino;;1;265
167; Ana Sophia de Paula;Um funcionário muito competente ...;01/03/2017 00:00;;25/10/1954;29038-249; RUA 62;467;Jardim Rosa 165;aline.moretti.sanches@gmail.com;26249730189;75301810007;Web Master;1;Feminino;;1;266
168; Clarice Correia;Um funcionário muito competente ...;14/06/2018 00:00;;18/04/1973;66661-794; RUA 11 ;609;Jardim Rosa 166;aline.moretti.sanches@gmail.com;26249730189;83644385944;Web Master;1;Feminino;;1;267
169; Milena Miranda;Um funcionário muito competente ...;08/06/2016 00:00;;13/06/1958;87851-955; RUA 63;60;Jardim Rosa 167;aline.rickmann@ig.com.br;26249730189;84590390189;Web Master;1;Feminino;;1;268
170; Pietra de Jesus;Um funcionário muito competente ...;05/06/2017 00:00;;06/03/1975;29298-666; RUA 64;481;Jardim Rosa 168;aline__patty@hotmail.com;26249730189;75318253857;Web Master;1;Feminino;;1;269
171; Fernanda Duarte;Um funcionário muito competente ...;05/06/2017 00:00;;18/06/1958;18240-557; RUA 65;264;Jardim Rosa 169;aline_aquino@oi.com.br;26249730189;50986187327;Web Master;1;Feminino;;1;270
172; Carolina Freitas;Um funcionário muito competente ...;06/01/2008 00:00;;03/01/1989;27590-413; RUA 11 ;449;Jardim Rosa 170;aline_boladona2006@hotmail.com;26249730189;65361317457;Web Master;1;Feminino;;1;271
173; Amanda Barros;Um funcionário muito competente ...;18/08/2019 00:00;;13/03/1984;16466-824; RUA 66;98;Jardim Rosa 171;aline_gatinha_13@yahoo.com.br;26249730189;30225187636;Web Master;1;Feminino;;1;272
174; Maria Vitória de Andrade;Um funcionário muito competente ...;23/01/2013 00:00;;17/07/1985;75527-849; RUA 67;375;Jardim Rosa 172;aline_rbd_rx@hotmail.com;26249730189;17020287835;Web Master;1;Feminino;;1;273
175; Maria Helena Campos;Um funcionário muito competente ...;16/06/2006 00:00;;19/11/1991;39688-068; RUA 68;36;Jardim Rosa 173;aline_reggae13@hotmail.com;26249730189;98853090870;Web Master;1;Feminino;;1;274
176; Eduarda Sántos;Um funcionário muito competente ...;21/11/2009 00:00;;15/11/1958;46616-019; RUA 11 ;268;Jardim Rosa 174;aline_reggae13@hotmail.com;26249730189;30162119752;Web Master;1;Feminino;;1;275
177; Malu de Melo;Um funcionário muito competente ...;26/11/2016 00:00;;05/12/1982;68586-389; RUA 69;508;Jardim Rosa 175;aline_sakuray@hotmail.com;26249730189;78029765294;Web Master;1;Feminino;;1;276
178; Maria Sophia da Cruz;Um funcionário muito competente ...;16/06/2018 00:00;;11/06/1975;82817-559; RUA 70;193;Jardim Rosa 176;aline_somg@hotmail.com;26249730189;74436032242;Web Master;1;Feminino;;1;277
179; Stella Reis;Um funcionário muito competente ...;01/02/2011 00:00;;28/12/1988;54371-246; RUA 71;222;Jardim Rosa 177;aline-150793@hotmail.com;26249730189;32477142566;Web Master;1;Feminino;;1;278
180; Camila Guimaraes;Um funcionário muito competente ...;11/10/2014 00:00;;27/07/1965;30967-259; RUA 11 ;205;Jardim Rosa 178;alinealg@yahoo.com.br;26249730189;38654145972;Web Master;1;Feminino;;1;279
181; Maya Moraes;Um funcionário muito competente ...;19/08/2003 00:00;;17/06/1980;19351-639; RUA 72;395;Jardim Rosa 179;alinebmb@gmail.com;26249730189;65002539836;Web Master;1;Feminino;;1;280
182; Gabrielly do Carmo;Um funcionário muito competente ...;24/02/2012 00:00;;01/03/1967;40387-983; RUA 73;989;Jardim Rosa 180;alinecordeiro_17@hotmail.com;26249730189;35485545294;Web Master;1;Feminino;;1;281
183; Mirella dos Reis;Um funcionário muito competente ...;30/07/2017 00:00;;16/10/1960;88991-857; RUA 74;726;Jardim Rosa 181;alinecordeiro_17@hotmail.com;26249730189;43011251446;Web Master;1;Feminino;;1;282
184; Mariah Viana;Um funcionário muito competente ...;11/05/2007 00:00;;26/06/1991;64614-466; RUA 11 ;536;Jardim Rosa 182;alinedaniele_14@yahoo.com.br;26249730189;61376029952;Web Master;1;Feminino;;1;283
185; Ana Lívia de Castro;Um funcionário muito competente ...;09/04/2012 00:00;;16/06/1961;65873-145; RUA 75;691;Jardim Rosa 183;alinedantas4@gmail.com;26249730189;74263737259;Web Master;1;Feminino;;1;284
186; Maria Flor Silveira;Um funcionário muito competente ...;02/01/2005 00:00;;05/09/1970;35538-519; RUA 76;792;Jardim Rosa 184;alineferreira_01@yahoo.com.br;26249730189;98099547754;Web Master;1;Feminino;;1;285
187; Ayla Moura;Um funcionário muito competente ...;06/05/2005 00:00;;02/02/1964;87878-994; RUA 77;507;Jardim Rosa 185;alinegcanta@hotmail.com;26249730189;78559527735;Web Master;1;Feminino;;1;286
188; Isabel Brito;Um funcionário muito competente ...;12/09/2004 00:00;;09/02/1972;39477-928; RUA 11 ;807;Jardim Rosa 186;alinegirl_49@hotmail.com;26249730189;25060570548;Web Master;1;Feminino;;1;287
189; Sophie Neves;Um funcionário muito competente ...;14/12/2016 00:00;;15/09/1955;88546-213; RUA 78;204;Jardim Rosa 187;alineilima@hotmail.com;26249730189;92725722378;Web Master;1;Feminino;;1;288
190; Giulia Carneiro;Um funcionário muito competente ...;17/10/2012 00:00;;18/05/1972;32322-785; RUA 79;816;Jardim Rosa 188;alinejaque@gmail.com;26249730189;86195273117;Web Master;1;Feminino;;1;289
191; Luana Melo;Um funcionário muito competente ...;22/07/2014 00:00;;11/08/1952;65038-497; RUA 80;578;Jardim Rosa 189;alinejaque@gmail.com;26249730189;79916439441;Web Master;1;Feminino;;1;290
192; Bruna Medeiros;Um funcionário muito competente ...;28/06/2006 00:00;;17/12/1982;75751-974; RUA 11 ;230;Jardim Rosa 190;alinenewjersey@msn.com;26249730189;13992078012;Web Master;1;Feminino;;1;291
193; Ana Vitória Cordeiro;Um funcionário muito competente ...;13/10/2010 00:00;;19/05/1952;55488-648; RUA 81;716;Jardim Rosa 191;alinenj_usa@yahoo.com;26249730189;93605056657;Web Master;1;Feminino;;1;292
194; Joana Conceição;Um funcionário muito competente ...;26/11/2008 00:00;;16/02/1993;27902-180; RUA 82;782;Jardim Rosa 192;alineoliveiraes@gmail.com;26249730189;41864488953;Web Master;1;Feminino;;1;293
195; Maria Laura Farias;Um funcionário muito competente ...;07/02/2020 00:00;;25/04/1976;26438-020; RUA 83;564;Jardim Rosa 193;alineteacher@yahoo.com.br;26249730189;49302808146;Web Master;1;Feminino;;1;294
196; Maria Isis Dantas;Um funcionário muito competente ...;02/05/2006 00:00;;12/01/1985;44256-416; RUA 11 ;464;Jardim Rosa 194;alineteacher@yahoo.com.br;26249730189;54560469288;Web Master;1;Feminino;;1;295
197; Louise Cavalcante;Um funcionário muito competente ...;26/05/2019 00:00;;26/08/1993;55975-700; RUA 84;605;Jardim Rosa 195;alinewolff@hotmail.com;26249730189;81161478752;Web Master;1;Feminino;;1;296
198; Pérola da Rocha;Um funcionário muito competente ...;16/12/2017 00:00;;01/01/1982;88685-232; RUA 85;702;Jardim Rosa 196;alininhaderaul@yahoo.com.br;26249730189;52498586844;Web Master;1;Feminino;;1;297
199; Natália de Assis;Um funcionário muito competente ...;25/07/2018 00:00;;13/10/1955;16297-865; RUA 86;501;Jardim Rosa 197;alininhaderaul@yahoo.com.br;26249730189;74352273534;Web Master;1;Feminino;;1;298
200; Ana Cecília Braga;Um funcionário muito competente ...;17/09/2013 00:00;;24/05/1979;71629-056; RUA 11 ;148;Jardim Rosa 198;alinyfereira@yahoo.com.br;26249730189;39901826140;Web Master;1;Feminino;;1;299
201; Aurora Cruz;Um funcionário muito competente ...;02/05/2019 00:00;;13/06/1974;73696-070; RUA 87;852;Jardim Rosa 199;alisson.marquessss@gmail.com;26249730189;65732446188;Web Master;1;Feminino;;1;300
202;Bárbara Siqueira;Um funcionário muito competente ...;26/05/2020 00:00;;02/08/1991;69856-292; RUA 88;908;Jardim Rosa 200;alisson.marquessss@gmail.com;26249730189;60264199953;Web Master;1;Feminino;;1;301
